{
  "background_asimov_fit": {
    "mu_hat": 0.0,
    "parameters": {
      "dy_norm_open_data": 3.1930373673045734e-05,
      "lumi_2012": 6.320897172081344e-05,
      "mc_stat_boosted[0]": 1.0000011678287872,
      "mc_stat_boosted[1]": 1.0000005343717022,
      "mc_stat_boosted[2]": 1.0000002711294764,
      "mc_stat_boosted[3]": 1.0000011241366586,
      "mc_stat_boosted[4]": 1.0000021403610782,
      "mc_stat_boosted[5]": 1.0000019960344833,
      "mc_stat_boosted[6]": 1.0000010753754665,
      "mc_stat_vbf[0]": 1.0000022309403733,
      "mc_stat_vbf[1]": 1.000000975395597,
      "mc_stat_vbf[2]": 1.000000621587887,
      "mc_stat_vbf[3]": 1.0000025232181657,
      "mc_stat_vbf[4]": 0.9999986099607894,
      "mc_stat_vbf[5]": 1.0000041634969792,
      "mc_stat_vbf[6]": 1.0000006740186358,
      "mc_stat_zero_jet[0]": 1.0000017410279076,
      "mc_stat_zero_jet[1]": 0.9999999855666577,
      "mc_stat_zero_jet[2]": 1.0000001460594385,
      "mc_stat_zero_jet[3]": 1.0000007859057278,
      "mc_stat_zero_jet[4]": 1.0000010970631577,
      "mc_stat_zero_jet[5]": 1.0000010147673692,
      "mc_stat_zero_jet[6]": 1.00000292604418,
      "mu": 0.0,
      "tau_open_data_acceptance": -4.0686239373864355e-05
    },
    "pulls_minus_nominal": {
      "dy_norm_open_data": 3.1930373673045734e-05,
      "lumi_2012": 6.320897172081344e-05,
      "mc_stat_boosted[0]": 1.1678287872296522e-06,
      "mc_stat_boosted[1]": 5.34371702221037e-07,
      "mc_stat_boosted[2]": 2.711294764257133e-07,
      "mc_stat_boosted[3]": 1.1241366586478563e-06,
      "mc_stat_boosted[4]": 2.1403610781511873e-06,
      "mc_stat_boosted[5]": 1.9960344832536947e-06,
      "mc_stat_boosted[6]": 1.0753754664527548e-06,
      "mc_stat_vbf[0]": 2.2309403733267175e-06,
      "mc_stat_vbf[1]": 9.753955969582506e-07,
      "mc_stat_vbf[2]": 6.215878869397784e-07,
      "mc_stat_vbf[3]": 2.523218165739749e-06,
      "mc_stat_vbf[4]": -1.3900392106247494e-06,
      "mc_stat_vbf[5]": 4.163496979181502e-06,
      "mc_stat_vbf[6]": 6.740186357934164e-07,
      "mc_stat_zero_jet[0]": 1.7410279076202073e-06,
      "mc_stat_zero_jet[1]": -1.443334229911386e-08,
      "mc_stat_zero_jet[2]": 1.4605943854384407e-07,
      "mc_stat_zero_jet[3]": 7.85905727829217e-07,
      "mc_stat_zero_jet[4]": 1.0970631576512346e-06,
      "mc_stat_zero_jet[5]": 1.0147673692451065e-06,
      "mc_stat_zero_jet[6]": 2.9260441800627035e-06,
      "tau_open_data_acceptance": -4.0686239373864355e-05
    }
  },
  "blinding": {
    "observation_source": "background-only Asimov pseudo-data from nominal MC templates",
    "phase": "4a_expected",
    "real_data_signal_region_used": false
  },
  "discovery_sensitivity": {
    "method": "pyhf asymptotic q0 test on signal-plus-background Asimov data",
    "p_value": 0.42441567523328405,
    "status": "evaluated",
    "z_value": 0.1906097504953417
  },
  "expected_upper_limit": {
    "expected_band_minus2_minus1_median_plus1_plus2": [
      5.827524819214151,
      7.957921603408464,
      11.374122822819393,
      16.47217967234938,
      23.193850014062555
    ],
    "method": "pyhf asymptotic modified frequentist CLs",
    "observed_on_background_asimov": 11.374122346421771,
    "poi": "mu",
    "result_count": 2,
    "scan": [
      0.0,
      0.5,
      1.0,
      1.5,
      2.0,
      2.5,
      3.0,
      3.5,
      4.0,
      4.5,
      5.0,
      5.5,
      6.0,
      6.5,
      7.0,
      7.5,
      8.0,
      8.5,
      9.0,
      9.5,
      10.0,
      10.5,
      11.0,
      11.5,
      12.0,
      12.5,
      13.0,
      13.5,
      14.0,
      14.5,
      15.0,
      15.5,
      16.0,
      16.5,
      17.0,
      17.5,
      18.0,
      18.5,
      19.0,
      19.5,
      20.0,
      20.5,
      21.0,
      21.5,
      22.0,
      22.5,
      23.0,
      23.5,
      24.0,
      24.5,
      25.0,
      25.5,
      26.0,
      26.5,
      27.0,
      27.5,
      28.0,
      28.5,
      29.0,
      29.5,
      30.0,
      30.5,
      31.0,
      31.5,
      32.0,
      32.5,
      33.0,
      33.5,
      34.0,
      34.5,
      35.0,
      35.5,
      36.0,
      36.5,
      37.0,
      37.5,
      38.0,
      38.5,
      39.0,
      39.5,
      40.0,
      40.5,
      41.0,
      41.5,
      42.0,
      42.5,
      43.0,
      43.5,
      44.0,
      44.5,
      45.0,
      45.5,
      46.0,
      46.5,
      47.0,
      47.5,
      48.0,
      48.5,
      49.0,
      49.5,
      50.0
    ]
  },
  "pyhf": {
    "npars": 25,
    "poi": "mu",
    "version": "0.7.6"
  }
}
