{
  "background_asimov_fit": {
    "mu_hat": 0.000323637881409408,
    "parameters": {
      "dy_norm_open_data": -5.5360088374823225e-05,
      "lumi_2012": -2.859147026490665e-05,
      "mc_stat_boosted[0]": 0.9999991989650936,
      "mc_stat_boosted[1]": 1.0000005871842437,
      "mc_stat_boosted[2]": 0.9999967167040492,
      "mc_stat_boosted[3]": 0.9999957149328268,
      "mc_stat_vbf[0]": 0.9999988643269242,
      "mc_stat_vbf[1]": 0.9999929307804674,
      "mc_stat_vbf[2]": 0.9999884988785789,
      "mc_stat_vbf[3]": 0.9999910134090335,
      "mc_stat_zero_jet[0]": 1.0000011285010038,
      "mc_stat_zero_jet[1]": 1.0000020884074001,
      "mc_stat_zero_jet[2]": 0.9999972465686443,
      "mc_stat_zero_jet[3]": 0.9999954860562147,
      "mu": 0.000323637881409408,
      "tau_open_data_acceptance": 4.32573531880676e-05,
      "wjets_high_mt_control": -0.000199119968279554
    },
    "pulls_minus_nominal": {
      "dy_norm_open_data": -5.5360088374823225e-05,
      "lumi_2012": -2.859147026490665e-05,
      "mc_stat_boosted[0]": -8.010349064058175e-07,
      "mc_stat_boosted[1]": 5.871842436722119e-07,
      "mc_stat_boosted[2]": -3.2832959507844706e-06,
      "mc_stat_boosted[3]": -4.2850671732042045e-06,
      "mc_stat_vbf[0]": -1.1356730758027567e-06,
      "mc_stat_vbf[1]": -7.069219532640503e-06,
      "mc_stat_vbf[2]": -1.1501121421120253e-05,
      "mc_stat_vbf[3]": -8.986590966486574e-06,
      "mc_stat_zero_jet[0]": 1.1285010037553889e-06,
      "mc_stat_zero_jet[1]": 2.0884074001248365e-06,
      "mc_stat_zero_jet[2]": -2.7534313556953904e-06,
      "mc_stat_zero_jet[3]": -4.513943785311447e-06,
      "tau_open_data_acceptance": 4.32573531880676e-05,
      "wjets_high_mt_control": -0.000199119968279554
    }
  },
  "blinding": {
    "observation_source": "background-only Asimov pseudo-data from nominal MC templates",
    "phase": "4a_expected",
    "real_data_signal_region_used": false
  },
  "discovery_sensitivity": {
    "method": "pyhf asymptotic q0 test on signal-plus-background Asimov data",
    "p_value": 0.29929918703661884,
    "status": "evaluated",
    "z_value": 0.5264171907925044
  },
  "expected_upper_limit": {
    "expected_band_minus2_minus1_median_plus1_plus2": [
      2.143687842430168,
      2.9202283397658175,
      4.199448081748937,
      6.145739528239424,
      8.817265131700397
    ],
    "method": "pyhf asymptotic modified frequentist CLs",
    "observed_on_background_asimov": 4.199448081748937,
    "poi": "mu",
    "result_count": 2,
    "scan": [
      0.0,
      0.5,
      1.0,
      1.5,
      2.0,
      2.5,
      3.0,
      3.5,
      4.0,
      4.5,
      5.0,
      5.5,
      6.0,
      6.5,
      7.0,
      7.5,
      8.0,
      8.5,
      9.0,
      9.5,
      10.0,
      10.5,
      11.0,
      11.5,
      12.0,
      12.5,
      13.0,
      13.5,
      14.0,
      14.5,
      15.0,
      15.5,
      16.0,
      16.5,
      17.0,
      17.5,
      18.0,
      18.5,
      19.0,
      19.5,
      20.0,
      20.5,
      21.0,
      21.5,
      22.0,
      22.5,
      23.0,
      23.5,
      24.0,
      24.5,
      25.0,
      25.5,
      26.0,
      26.5,
      27.0,
      27.5,
      28.0,
      28.5,
      29.0,
      29.5,
      30.0,
      30.5,
      31.0,
      31.5,
      32.0,
      32.5,
      33.0,
      33.5,
      34.0,
      34.5,
      35.0,
      35.5,
      36.0,
      36.5,
      37.0,
      37.5,
      38.0,
      38.5,
      39.0,
      39.5,
      40.0,
      40.5,
      41.0,
      41.5,
      42.0,
      42.5,
      43.0,
      43.5,
      44.0,
      44.5,
      45.0,
      45.5,
      46.0,
      46.5,
      47.0,
      47.5,
      48.0,
      48.5,
      49.0,
      49.5,
      50.0
    ]
  },
  "low_background_bin_handling": {
    "details": {
      "all_pass": true,
      "categories": {
        "boosted": {
          "background_bins": [
            1580.55074494093,
            309.9263029585545,
            134.85026574634497,
            93.00436760133518
          ],
          "min_background_bin": 93.00436760133518,
          "passes_min_background": true
        },
        "vbf": {
          "background_bins": [
            90.43246797589676,
            17.702236646398763,
            13.616736714228995,
            29.243719246011956
          ],
          "min_background_bin": 13.616736714228995,
          "passes_min_background": true
        },
        "zero_jet": {
          "background_bins": [
            6524.3972729236275,
            362.62954903253745,
            149.55342765146167,
            32.31819151692268
          ],
          "min_background_bin": 32.31819151692268,
          "passes_min_background": true
        }
      },
      "initial_edges": [
        0.0,
        0.2,
        0.35,
        0.5,
        0.65,
        0.78,
        0.88,
        0.94,
        0.985,
        1.0
      ],
      "merge_count": 5,
      "merged_edges": [
        0.0,
        0.2,
        0.35,
        0.5,
        1.0
      ],
      "merges": [
        {
          "category": "vbf",
          "low_bin_background": 0.0,
          "low_bin_index": 8,
          "low_bin_range": [
            0.985,
            1.0
          ],
          "merged_with": "previous",
          "removed_edge": 0.985
        },
        {
          "category": "boosted",
          "low_bin_background": 0.0,
          "low_bin_index": 7,
          "low_bin_range": [
            0.94,
            1.0
          ],
          "merged_with": "previous",
          "removed_edge": 0.94
        },
        {
          "category": "boosted",
          "low_bin_background": 0.0,
          "low_bin_index": 6,
          "low_bin_range": [
            0.88,
            1.0
          ],
          "merged_with": "previous",
          "removed_edge": 0.88
        },
        {
          "category": "zero_jet",
          "low_bin_background": 0.0,
          "low_bin_index": 5,
          "low_bin_range": [
            0.78,
            1.0
          ],
          "merged_with": "previous",
          "removed_edge": 0.78
        },
        {
          "category": "zero_jet",
          "low_bin_background": 1.7705506910787179,
          "low_bin_index": 4,
          "low_bin_range": [
            0.65,
            1.0
          ],
          "merged_with": "previous",
          "removed_edge": 0.65
        }
      ],
      "method": "common adjacent-bin merging across all fit categories using expected MC background only",
      "minimum_expected_background_per_fit_bin": 5.0
    },
    "merged_edges": [
      0.0,
      0.2,
      0.35,
      0.5,
      1.0
    ],
    "reason": "Sparse-bin merging used expected MC background only and preserves the event-category channels requested by the user.",
    "strategy": "Phase 3 common score-bin merging across fit categories"
  },
  "model": {
    "caveat": "Expected-only MC gain; severe input modelling caveats require Phase 4b validation before unqualified promotion.",
    "description": "classifier score templates in VBF, boosted, and zero-jet signal-region channels",
    "family": "expected_only_mva",
    "model_name": "hist_gradient_boosting",
    "name": "mva_hist_gradient_boosting_score_baseline_categories",
    "observable": "mva_score_hist_gradient_boosting",
    "phase3_recommendation_file": "phase3_selection/outputs/sensitivity_recommendation.json",
    "phase3_selected_events_file": "phase3_selection/outputs/sensitivity_selected_events.npz",
    "selection_role": "primary_candidate",
    "status": "expected-primary candidate pending Phase 4b score-modelling validation/calibration"
  },
  "phase3_unmerged_recommendation": {
    "bin_edges": [
      0.0,
      0.2,
      0.35,
      0.5,
      1.0
    ],
    "low_background_bins_lt5": 0,
    "median_limit": 4.24380622771541,
    "z_value": 0.5264362537642254
  },
  "pyhf": {
    "npars": 17,
    "poi": "mu",
    "version": "0.7.6"
  }
}
