{
  "background_asimov_fit": {
    "mu_hat": 0.000696183376887347,
    "parameters": {
      "dy_norm_open_data": 0.0007721474498036321,
      "lumi_2012": -0.00029009431299072906,
      "mc_stat_inclusive_sr[0]": 1.0000008198786028,
      "mc_stat_inclusive_sr[1]": 0.999995429788732,
      "mc_stat_inclusive_sr[2]": 0.9999898857607182,
      "mc_stat_inclusive_sr[3]": 0.9999875371841077,
      "mc_stat_inclusive_sr[4]": 0.9999212707391865,
      "mu": 0.000696183376887347,
      "tau_open_data_acceptance": -0.0005482364976900626
    },
    "pulls_minus_nominal": {
      "dy_norm_open_data": 0.0007721474498036321,
      "lumi_2012": -0.00029009431299072906,
      "mc_stat_inclusive_sr[0]": 8.198786027868721e-07,
      "mc_stat_inclusive_sr[1]": -4.570211267984625e-06,
      "mc_stat_inclusive_sr[2]": -1.011423928176658e-05,
      "mc_stat_inclusive_sr[3]": -1.2462815892289036e-05,
      "mc_stat_inclusive_sr[4]": -7.872926081353704e-05,
      "tau_open_data_acceptance": -0.0005482364976900626
    }
  },
  "blinding": {
    "observation_source": "background-only Asimov pseudo-data from nominal MC templates",
    "phase": "4a_expected",
    "real_data_signal_region_used": false
  },
  "discovery_sensitivity": {
    "method": "pyhf asymptotic q0 test on signal-plus-background Asimov data",
    "p_value": 0.2775170276378641,
    "status": "evaluated",
    "z_value": 0.5902335901806391
  },
  "expected_upper_limit": {
    "expected_band_minus2_minus1_median_plus1_plus2": [
      1.9597879108699552,
      2.7426354357668172,
      3.988056352198724,
      6.054971307318602,
      9.066320524807212
    ],
    "method": "pyhf asymptotic modified frequentist CLs",
    "observed_on_background_asimov": 3.988056441440069,
    "poi": "mu",
    "result_count": 2,
    "scan": [
      0.0,
      0.5,
      1.0,
      1.5,
      2.0,
      2.5,
      3.0,
      3.5,
      4.0,
      4.5,
      5.0,
      5.5,
      6.0,
      6.5,
      7.0,
      7.5,
      8.0,
      8.5,
      9.0,
      9.5,
      10.0,
      10.5,
      11.0,
      11.5,
      12.0,
      12.5,
      13.0,
      13.5,
      14.0,
      14.5,
      15.0,
      15.5,
      16.0,
      16.5,
      17.0,
      17.5,
      18.0,
      18.5,
      19.0,
      19.5,
      20.0,
      20.5,
      21.0,
      21.5,
      22.0,
      22.5,
      23.0,
      23.5,
      24.0,
      24.5,
      25.0,
      25.5,
      26.0,
      26.5,
      27.0,
      27.5,
      28.0,
      28.5,
      29.0,
      29.5,
      30.0,
      30.5,
      31.0,
      31.5,
      32.0,
      32.5,
      33.0,
      33.5,
      34.0,
      34.5,
      35.0,
      35.5,
      36.0,
      36.5,
      37.0,
      37.5,
      38.0,
      38.5,
      39.0,
      39.5,
      40.0,
      40.5,
      41.0,
      41.5,
      42.0,
      42.5,
      43.0,
      43.5,
      44.0,
      44.5,
      45.0,
      45.5,
      46.0,
      46.5,
      47.0,
      47.5,
      48.0,
      48.5,
      49.0,
      49.5,
      50.0
    ]
  },
  "low_background_bin_handling": {
    "merged_bins": [
      "0.86-0.94",
      "0.94-1.00"
    ],
    "merged_edges": [
      0.0,
      0.35,
      0.55,
      0.72,
      0.86,
      1.0
    ],
    "reason": "Phase 3 recommendation had one expected-background bin below five events; the merged high-score tail keeps all nominal expected background bins at or above five without using observed data.",
    "strategy": "merged adjacent high-score tail bins",
    "unmerged_edges": [
      0.0,
      0.35,
      0.55,
      0.72,
      0.86,
      0.94,
      1.0
    ]
  },
  "model": {
    "caveat": "Expected-only MC gain; severe input modelling caveats require Phase 4b validation before unqualified promotion.",
    "description": "histogram-gradient-boosting classifier score templates in one inclusive signal-region channel",
    "family": "expected_only_mva",
    "name": "mva_hist_gradient_boosting_score_single_category",
    "phase3_recommendation_file": "phase3_selection/outputs/sensitivity_recommendation.json",
    "phase3_selected_events_file": "phase3_selection/outputs/sensitivity_selected_events.npz",
    "status": "expected-primary candidate pending Phase 4b score-modelling validation/calibration"
  },
  "phase3_unmerged_recommendation": {
    "bin_edges": [
      0.0,
      0.35,
      0.55,
      0.72,
      0.86,
      0.94,
      1.0
    ],
    "low_background_bins_lt5": 1,
    "median_limit": 3.977300465753028,
    "z_value": 0.5955085932694459
  },
  "pyhf": {
    "npars": 9,
    "poi": "mu",
    "version": "0.7.6"
  }
}
