{
  "background_asimov_fit": {
    "mu_hat": 0.0007773173941718693,
    "parameters": {
      "dy_ztautau_open_data_boosted": -0.00013521991246116664,
      "dy_ztautau_open_data_vbf": -0.00011211912993825958,
      "dy_ztautau_open_data_zero_jet": -0.00010216986929933124,
      "lumi_2012": 0.00043821080161005906,
      "mc_stat_boosted[0]": 0.9999962809434253,
      "mc_stat_boosted[1]": 0.9999994587932994,
      "mc_stat_boosted[2]": 1.0000058313711546,
      "mc_stat_boosted[3]": 1.0000047605407325,
      "mc_stat_boosted[4]": 0.9999939909921631,
      "mc_stat_boosted[5]": 0.999988019050093,
      "mc_stat_boosted[6]": 0.9999363538360613,
      "mc_stat_vbf[0]": 0.999988769515522,
      "mc_stat_vbf[1]": 0.9999891393642917,
      "mc_stat_vbf[2]": 0.9999580206257427,
      "mc_stat_vbf[3]": 1.00001915913337,
      "mc_stat_vbf[4]": 1.0000122265861158,
      "mc_stat_vbf[5]": 1.0000058457913825,
      "mc_stat_vbf[6]": 0.9999813579591341,
      "mc_stat_zero_jet[0]": 1.0000022617011646,
      "mc_stat_zero_jet[1]": 1.0000028745876166,
      "mc_stat_zero_jet[2]": 1.0000004246186251,
      "mc_stat_zero_jet[3]": 0.9999972255162534,
      "mc_stat_zero_jet[4]": 0.9999899956706655,
      "mc_stat_zero_jet[5]": 0.9999872448582086,
      "mc_stat_zero_jet[6]": 0.999901629924068,
      "mu": 0.0007773173941718693,
      "tau_open_data_acceptance": 9.491577819762087e-05,
      "wjets_high_mt_control": -0.00026258716300664973
    },
    "pulls_minus_nominal": {
      "dy_ztautau_open_data_boosted": -0.00013521991246116664,
      "dy_ztautau_open_data_vbf": -0.00011211912993825958,
      "dy_ztautau_open_data_zero_jet": -0.00010216986929933124,
      "lumi_2012": 0.00043821080161005906,
      "mc_stat_boosted[0]": -3.719056574702506e-06,
      "mc_stat_boosted[1]": -5.412067005661214e-07,
      "mc_stat_boosted[2]": 5.831371154618736e-06,
      "mc_stat_boosted[3]": 4.760540732506868e-06,
      "mc_stat_boosted[4]": -6.009007836871305e-06,
      "mc_stat_boosted[5]": -1.198094990695342e-05,
      "mc_stat_boosted[6]": -6.364616393872424e-05,
      "mc_stat_vbf[0]": -1.123048447804198e-05,
      "mc_stat_vbf[1]": -1.0860635708320743e-05,
      "mc_stat_vbf[2]": -4.1979374257317126e-05,
      "mc_stat_vbf[3]": 1.915913337002806e-05,
      "mc_stat_vbf[4]": 1.2226586115771099e-05,
      "mc_stat_vbf[5]": 5.845791382519394e-06,
      "mc_stat_vbf[6]": -1.8642040865879395e-05,
      "mc_stat_zero_jet[0]": 2.261701164574248e-06,
      "mc_stat_zero_jet[1]": 2.874587616608082e-06,
      "mc_stat_zero_jet[2]": 4.2461862514997506e-07,
      "mc_stat_zero_jet[3]": -2.7744837466370242e-06,
      "mc_stat_zero_jet[4]": -1.0004329334512008e-05,
      "mc_stat_zero_jet[5]": -1.2755141791442881e-05,
      "mc_stat_zero_jet[6]": -9.837007593205271e-05,
      "tau_open_data_acceptance": 9.491577819762087e-05,
      "wjets_high_mt_control": -0.00026258716300664973
    }
  },
  "blinding": {
    "observation_source": "background-only Asimov pseudo-data from nominal MC templates",
    "phase": "4a_expected",
    "real_data_signal_region_used": false
  },
  "discovery_sensitivity": {
    "method": "pyhf asymptotic q0 test on signal-plus-background Asimov data",
    "p_value": 0.21571457525460158,
    "status": "evaluated",
    "z_value": 0.7867484248039479
  },
  "expected_upper_limit": {
    "expected_band_minus2_minus1_median_plus1_plus2": [
      1.4543352251018393,
      1.9820112292162195,
      2.90409966080617,
      4.335456897134364,
      6.366948064665394
    ],
    "method": "pyhf asymptotic modified frequentist CLs",
    "observed_on_background_asimov": 2.904099586569949,
    "poi": "mu",
    "result_count": 2,
    "scan": [
      0.0,
      0.5,
      1.0,
      1.5,
      2.0,
      2.5,
      3.0,
      3.5,
      4.0,
      4.5,
      5.0,
      5.5,
      6.0,
      6.5,
      7.0,
      7.5,
      8.0,
      8.5,
      9.0,
      9.5,
      10.0,
      10.5,
      11.0,
      11.5,
      12.0,
      12.5,
      13.0,
      13.5,
      14.0,
      14.5,
      15.0,
      15.5,
      16.0,
      16.5,
      17.0,
      17.5,
      18.0,
      18.5,
      19.0,
      19.5,
      20.0,
      20.5,
      21.0,
      21.5,
      22.0,
      22.5,
      23.0,
      23.5,
      24.0,
      24.5,
      25.0,
      25.5,
      26.0,
      26.5,
      27.0,
      27.5,
      28.0,
      28.5,
      29.0,
      29.5,
      30.0,
      30.5,
      31.0,
      31.5,
      32.0,
      32.5,
      33.0,
      33.5,
      34.0,
      34.5,
      35.0,
      35.5,
      36.0,
      36.5,
      37.0,
      37.5,
      38.0,
      38.5,
      39.0,
      39.5,
      40.0,
      40.5,
      41.0,
      41.5,
      42.0,
      42.5,
      43.0,
      43.5,
      44.0,
      44.5,
      45.0,
      45.5,
      46.0,
      46.5,
      47.0,
      47.5,
      48.0,
      48.5,
      49.0,
      49.5,
      50.0
    ]
  },
  "low_background_bin_handling": {
    "details": {
      "all_pass": true,
      "categories": {
        "boosted": {
          "background_bins": [
            1154.4500686201295,
            241.92449507335,
            226.92870615967882,
            184.26476432706733,
            151.12783698339578,
            115.50080282615798,
            44.135007257385475
          ],
          "min_background_bin": 44.135007257385475,
          "passes_min_background": true
        },
        "vbf": {
          "background_bins": [
            67.23788992662912,
            13.556785872228351,
            10.736505420370046,
            9.271503189729547,
            15.140845570813406,
            11.404022208430622,
            23.64760839433538
          ],
          "min_background_bin": 9.271503189729547,
          "passes_min_background": true
        },
        "zero_jet": {
          "background_bins": [
            4861.256823919123,
            1012.7856357905597,
            534.9697918206061,
            366.77473991712424,
            173.92929418157357,
            106.40766869672356,
            12.774486798839492
          ],
          "min_background_bin": 12.774486798839492,
          "passes_min_background": true
        }
      },
      "initial_edges": [
        0.0,
        0.2,
        0.35,
        0.5,
        0.65,
        0.78,
        0.88,
        0.94,
        0.985,
        1.0
      ],
      "merge_count": 2,
      "merged_edges": [
        0.0,
        0.2,
        0.35,
        0.5,
        0.65,
        0.78,
        0.88,
        1.0
      ],
      "merges": [
        {
          "category": "boosted",
          "low_bin_background": 0.0,
          "low_bin_index": 8,
          "low_bin_range": [
            0.985,
            1.0
          ],
          "merged_with": "previous",
          "removed_edge": 0.985
        },
        {
          "category": "zero_jet",
          "low_bin_background": 0.0,
          "low_bin_index": 7,
          "low_bin_range": [
            0.94,
            1.0
          ],
          "merged_with": "previous",
          "removed_edge": 0.94
        }
      ],
      "method": "common adjacent-bin merging across all fit categories using expected MC background only",
      "minimum_expected_background_per_fit_bin": 5.0
    },
    "merged_edges": [
      0.0,
      0.2,
      0.35,
      0.5,
      0.65,
      0.78,
      0.88,
      1.0
    ],
    "reason": "Sparse-bin merging used expected MC background only and preserves the event-category channels requested by the user.",
    "strategy": "Phase 3 common score-bin merging across fit categories"
  },
  "model": {
    "caveat": "Expected-only MC gain; severe input modelling caveats require Phase 4b validation before unqualified promotion.",
    "description": "classifier score templates in VBF, boosted, and zero-jet signal-region channels",
    "family": "expected_only_mva",
    "input_reweighting": "background_input_reweight from phase3_selection/outputs/input_reweighting.json is applied to background templates when present",