{
  "binning": {
    "edges_gev": [
      0.0,
      40.0,
      60.0,
      80.0,
      100.0,
      120.0,
      160.0,
      250.0
    ],
    "observable": "m_vis"
  },
  "blinding": {
    "observation_source": "background-only Asimov pseudo-data from nominal MC templates",
    "phase": "4a_expected",
    "real_data_signal_region_used": false
  },
  "categories": [
    "vbf",
    "boosted",
    "zero_jet"
  ],
  "normalization": {
    "formula_background": "w = sigma * L_int / N_gen",
    "formula_signal": "w = sigma_prod * BR(H->tautau) * L_int / N_gen",
    "integrated_luminosity_pb_inv": 11467.0,
    "no_circular_derivation": true
  },
  "samples": {
    "DYJetsToLL": {
      "categories": {
        "boosted": {
          "raw_counts": [
            53,
            365,
            306,
            42,
            13,
            13,
            7
          ],
          "raw_total": 799,
          "sumw2": [
            92.2150312532415,
            635.0657812723235,
            532.4113125187151,
            73.07606250256873,
            22.618781250795088,
            22.618781250795088,
            12.179343750428124
          ],
          "total_yield": 1053.9249925612803,
          "weighted_yields": [
            69.90991815487843,
            481.4550967269929,
            403.63084821495846,
            55.40031250009233,
            17.147715773838105,
            17.147715773838105,
            9.233385416682056
          ]
        },
        "vbf": {
          "raw_counts": [
            10,
            16,
            6,
            1,
            1,
            0,
            0
          ],
          "raw_total": 34,
          "sumw2": [
            17.399062500611603,
            27.838500000978566,
            10.439437500366964,
            1.7399062500611604,
            1.7399062500611604,
            0.0,
            0.0
          ],
          "total_yield": 44.84787202388427,
          "weighted_yields": [
            13.19055059526008,
            21.104880952416128,
            7.914330357156048,
            1.319055059526008,
            1.319055059526008,
            0.0,
            0.0
          ]
        },
        "zero_jet": {
          "raw_counts": [
            22,
            1889,
            2126,
            266,
            49,
            56,
            24
          ],
          "raw_total": 4432,
          "sumw2": [
            38.27793750134553,
            3286.682906365532,
            3699.040687630027,
            462.8150625162687,
            85.25540625299686,
            97.434750003425,
            41.757750001467855
          ],
          "total_yield": 5846.052023819268,
          "weighted_yields": [
            29.019211309572174,
            2491.695007444629,
            2804.311056552293,
            350.86864583391815,
            64.6336979167744,
            73.86708333345645,
            31.657321428624194
          ]
        }
      },
      "label": "DY+jets",
      "weight": 1.319055059526008
    },
    "GluGluToHToTauTau": {
      "categories": {
        "boosted": {
          "raw_counts": [
            1,
            46,
            106,
            72,
            22,
            1,
            1
          ],
          "raw_total": 249,
          "sumw2": [
            0.001034766764501992,
            0.04759927116709163,
            0.10968527703721115,
            0.07450320704414343,
            0.022764868819043823,
            0.001034766764501992,
            0.001034766764501992
          ],
          "total_yield": 8.009779907456135,
          "weighted_yields": [
            0.032167790792996524,
            1.47971837647784,
            3.4097858240576318,
            2.31608093709575,
            0.7076913974459236,
            0.032167790792996524,
            0.032167790792996524
          ]
        },
        "vbf": {
          "raw_counts": [
            0,
            5,
            14,
            3,
            1,
            0,
            0
          ],
          "raw_total": 23,
          "sumw2": [
            0.0,
            0.00517383382250996,
            0.014486734703027887,
            0.0031043002935059755,
            0.001034766764501992,
            0.0,
            0.0
          ],
          "total_yield": 0.7398591882389199,
          "weighted_yields": [
            0.0,
            0.16083895396498263,
            0.4503490711019513,
            0.09650337237898957,
            0.032167790792996524,
            0.0,
            0.0
          ]
        },
        "zero_jet": {
          "raw_counts": [
            0,
            78,
            185,
            143,
            33,
            0,
            0
          ],
          "raw_total": 439,
          "sumw2": [
            0.0,
            0.08071180763115537,
            0.1914318514328685,
            0.14797164732378484,
            0.03414730322856573,
            0.0,
            0.0
          ],
          "total_yield": 14.121660158125474,
          "weighted_yields": [
            0.0,
            2.509087681853729,
            5.951041296704357,
            4.599994083398503,
            1.0615370961688853,
            0.0,
            0.0
          ]
        }
      },
      "label": "ggH H to tau tau",
      "weight": 0.032167790792996524
    },
    "TTbar": {
      "categories": {
        "boosted": {
          "raw_counts": [
            146,
            229,
            294,
            252,
            175,
            216,
            165
          ],
          "raw_total": 1477,
          "sumw2": [
            29.761852575432336,
            46.681261916260304,
            59.931401761487024,
            51.36977293841745,
            35.673453429456565,
            44.03123394721496,
            33.63497037634476
          ],
          "total_yield": 666.8590478033526,
          "weighted_yields": [
            65.91836220669565,
            103.39249962557057,
            132.7397156764967,
            113.77689915128289,
            79.01173552172423,
            97.52305641538534,
            74.49677920619713
          ]
        },
        "vbf": {
          "raw_counts": [
            10,
            28,
            29,
            32,
            18,
            29,
            16
          ],
          "raw_total": 162,
          "sumw2": [
            2.0384830531118037,
            5.707752548713049,
            5.91160085402423,
            6.523145769957772,
            3.6692694956012466,
            5.91160085402423,
            3.261572884978886
          ],
          "total_yield": 73.14229231153901,
          "weighted_yields": [
            4.514956315527099,
            12.641877683475876,
            13.093373315028586,
            14.447860209686716,
            8.126921367948778,
            13.093373315028586,
            7.223930104843358
          ]
        },
        "zero_jet": {
          "raw_counts": [
            8,
            7,
            21,
            14,
            11,
            13,
            9
          ],
          "raw_total": 83,
          "sumw2": [
            1.630786442489443,
            1.4269381371782623,
            4.280814411534787,
            2.8538762743565247,
            2.242331358422984,
            2.650027969045345,
            1.8346347478006233
          ],
          "total_yield": 37.474137418874925,
          "weighted_yields": [
            3.611965052421679,
            3.160469420868969,
            9.481408262606907,
            6.320938841737938,
            4.9664519470798085,
            5.869443210185229,
            4.063460683974389
          ]
        }
      },
      "label": "ttbar",
      "weight": 0.4514956315527099
    },
    "VBF_HToTauTau": {
      "categories": {
        "boosted": {
          "raw_counts": [
            12,
            119,
            209,
            120,
            33,
            3,
            1
          ],
          "raw_total": 497,