{
  "all_pass": true,
  "method": "Asimov pseudo-data injection generated from the nominal pyhf model",
  "real_data_signal_region_used": false,
  "rows": [
    {
      "absolute_bias": 0.000696183376887347,
      "fitted_mu": 0.000696183376887347,
      "injected_mu": 0.0,
      "passes_20_percent_gate": true,
      "relative_bias": 0.0
    },
    {
      "absolute_bias": 0.0,
      "fitted_mu": 1.0,
      "injected_mu": 1.0,
      "passes_20_percent_gate": true,
      "relative_bias": 0.0
    },
    {
      "absolute_bias": 0.0003983145194417226,
      "fitted_mu": 2.0003983145194417,
      "injected_mu": 2.0,
      "passes_20_percent_gate": true,
      "relative_bias": 0.0001991572597208613
    },
    {
      "absolute_bias": 0.0003562352256434309,
      "fitted_mu": 5.000356235225643,
      "injected_mu": 5.0,
      "passes_20_percent_gate": true,
      "relative_bias": 7.124704512868618e-05
    }
  ]
}
