{
  "all_pass": true,
  "method": "Asimov pseudo-data injection generated from the nominal pyhf model",
  "real_data_signal_region_used": false,
  "rows": [
    {
      "absolute_bias": 0.0007773173941718693,
      "fitted_mu": 0.0007773173941718693,
      "injected_mu": 0.0,
      "passes_20_percent_gate": true,
      "relative_bias": 0.0
    },
    {
      "absolute_bias": -7.253701306275673e-09,
      "fitted_mu": 0.9999999927462987,
      "injected_mu": 1.0,
      "passes_20_percent_gate": true,
      "relative_bias": -7.253701306275673e-09
    },
    {
      "absolute_bias": 0.0017948446430890996,
      "fitted_mu": 2.001794844643089,
      "injected_mu": 2.0,
      "passes_20_percent_gate": true,
      "relative_bias": 0.0008974223215445498
    },
    {
      "absolute_bias": 0.0009397993926540948,
      "fitted_mu": 5.000939799392654,
      "injected_mu": 5.0,
      "passes_20_percent_gate": true,
      "relative_bias": 0.00018795987853081897
    }
  ]
}
