{
  "binning": {
    "edges": [
      0.0,
      0.2,
      0.35,
      0.5,
      1.0
    ],
    "observable": "mva_score_hist_gradient_boosting"
  },
  "blinding": {
    "data_scope": "deterministic 10% subsample only",
    "real_data_signal_region_used": true,
    "remaining_90pct_or_full_data_signal_region_inspected": false
  },
  "categories": [
    "vbf",
    "boosted",
    "zero_jet"
  ],
  "mask": {
    "applies_to": "rows with role == data only",
    "modulo_accept": 0,
    "rule": "(run * 1000003 + luminosityBlock * 9176 + event) % 10 == 0"
  },
  "phase": "4b_partial",
  "samples": {
    "DYJetsToLL": {
      "categories": {
        "boosted": {
          "raw_counts": [
            501,
            184,
            73,
            44
          ],
          "sumw2": [
            8.716930312806415,
            3.2014275001125356,
            1.2701315625446474,
            0.7655587500269108
          ],
          "total_yield": 105.78821577398585,
          "weighted_yields": [
            66.084658482253,
            24.27061309527855,
            9.62910193453986,
            5.803842261914435
          ]
        },
        "vbf": {
          "raw_counts": [
            6,
            4,
            7,
            17
          ],
          "sumw2": [
            0.10439437500366965,
            0.06959625000244643,
            0.12179343750428125,
            0.29578406251039735
          ],
          "total_yield": 4.484787202388428,
          "weighted_yields": [
            0.7914330357156049,
            0.5276220238104032,
            0.9233385416682056,
            2.242393601194214
          ]
        },
        "zero_jet": {
          "raw_counts": [
            4116,
            207,
            89,
            20
          ],
          "sumw2": [
            71.61454125251738,
            3.6016059376266027,
            1.548516562554433,
            0.3479812500122322
          ],
          "total_yield": 584.6052023819268,
          "weighted_yields": [
            542.923062500905,
            27.304439732188367,
            11.739590029781471,
            2.6381101190520164
          ]
        }
      },
      "extra_wjets_scale": 1.0,
      "weight_10pct_lumi": 0.1319055059526008
    },
    "GluGluToHToTauTau": {
      "categories": {
        "boosted": {
          "raw_counts": [
            25,
            39,
            44,
            141
          ],
          "sumw2": [
            0.000258691691125498,
            0.0004035590381557769,
            0.0004552973763808765,
            0.0014590211379478088
          ],
          "total_yield": 0.8009779907456134,
          "weighted_yields": [
            0.08041947698249131,
            0.12545438409268644,
            0.1415382794891847,
            0.453565850181251
          ]
        },
        "vbf": {
          "raw_counts": [
            0,
            0,
            0,
            23
          ],
          "sumw2": [
            0.0,
            0.0,
            0.0,
            0.0002379963558354582
          ],
          "total_yield": 0.07398591882389201,
          "weighted_yields": [
            0.0,
            0.0,
            0.0,
            0.07398591882389201
          ]
        },
        "zero_jet": {
          "raw_counts": [
            171,
            114,
            86,
            68
          ],
          "sumw2": [
            0.0017694511672984065,
            0.001179634111532271,
            0.0008898994174717132,
            0.0007036413998613546
          ],
          "total_yield": 1.4121660158125473,
          "weighted_yields": [
            0.5500692225602406,
            0.3667128150401604,
            0.2766430008197701,
            0.21874097739237638
          ]
        }
      },
      "extra_wjets_scale": 1.0,
      "weight_10pct_lumi": 0.0032167790792996527
    },
    "TTbar": {
      "categories": {
        "boosted": {
          "raw_counts": [
            1375,
            72,
            38,
            28
          ],
          "sumw2": [
            2.8029141980287307,
            0.14677077982404987,
            0.07746235601824855,
            0.05707752548713052
          ],
          "total_yield": 68.31128905392501,
          "weighted_yields": [
            62.080649338497615,
            3.2507685471795114,
            1.7156833999002978,
            1.264187768347588
          ]
        },
        "vbf": {
          "raw_counts": [
            140,
            15,
            7,
            8
          ],
          "sumw2": [
            0.28538762743565255,
            0.030577245796677064,
            0.01426938137178263,
            0.016307864424894434
          ],
          "total_yield": 7.675425736396068,
          "weighted_yields": [
            6.320938841737939,
            0.6772434473290649,
            0.316046942086897,
            0.36119650524216795
          ]
        },
        "zero_jet": {
          "raw_counts": [
            67,
            12,
            4,
            5
          ],
          "sumw2": [
            0.13657836455849087,
            0.02446179663734165,
            0.008153932212447217,
            0.01019241526555902
          ],
          "total_yield": 3.9731615576638477,
          "weighted_yields": [
            3.0250207314031567,
            0.5417947578632519,
            0.18059825262108398,
            0.22574781577635497
          ]
        }
      },
      "extra_wjets_scale": 1.0,
      "weight_10pct_lumi": 0.045149563155270994
    },
    "VBF_HToTauTau": {
      "categories": {
        "boosted": {
          "raw_counts": [
            46,
            64,
            95,
            294
          ],
          "sumw2": [
            2.507311107569252e-06,
            3.4884328453137422e-06,
            5.178142504762586e-06,
            1.6024988383160003e-05
          ],
          "total_yield": 0.11649995083931146,
          "weighted_yields": [
            0.010739474426068792,
            0.01494187746235658,
            0.022179349358185548,
            0.06863924959270054
          ]
        },
        "vbf": {
          "raw_counts": [
            1,
            3,
            3,
            357
          ],
          "sumw2": [
            5.450676320802722e-08,
            1.6352028962408166e-07,
            1.6352028962408166e-07,
            1.9458914465265717e-05
          ],
          "total_yield": 0.08498192806715305,
          "weighted_yields": [
            0.00023346683534932155,
            0.0007004005060479647,
            0.0007004005060479647,
            0.0833476602197078
          ]
        },
        "zero_jet": {
          "raw_counts": [
            35,
            20,
            16,
            23
          ],
          "sumw2": [
            1.9077367122809525e-06,
            1.0901352641605443e-06,
            8.721082113284356e-07,
            1.253655553784626e-06
          ],
          "total_yield": 0.021945882522836226,
          "weighted_yields": [
            0.008171339237226254,
            0.004669336706986431,
            0.003735469365589145,
            0.005369737213034396
          ]
        }
      },
      "extra_wjets_scale": 1.0,
      "weight_10pct_lumi": 0.00023346683534932155
    },
    "W1JetsToLNu": {
      "categories": {
        "boosted": {
          "raw_counts": [
            34,
            1,
            1,
            1
          ],
          "sumw2": [
            1.4594110742417026,
            0.04292385512475595,
            0.04292385512475595,
            0.04292385512475595
          ],
          "total_yield": 7.665687031557636,
          "weighted_yields": [
            7.044144839809719,
            0.20718073058263878,
            0.20718073058263878,
            0.20718073058263878
          ]
        },
        "vbf": {
          "raw_counts": [
            4,
            0,
            0,
            0
          ],