{
  "label": "Validated visible-mass final result",
  "observed_fit": {
    "discovery_diagnostic": {
      "method": "pyhf asymptotic q0 on observed full data",
      "p_value": 0.46218168359370243,
      "status": "evaluated",
      "z_value": 0.09493888883239246
    },
    "interpretation": "Conservative primary observed result after QCD/fake audit correction.",
    "mu_hat": 0.43822864200217504,
    "npars": 25,
    "observed_upper_limit": {
      "expected_band_minus2_minus1_median_plus1_plus2": [
        5.427106878746744,
        7.453820619170937,
        10.737535128866,
        15.735353955271256,
        22.4849409859314
      ],
      "method": "pyhf asymptotic modified frequentist CLs",
      "observed_limit": 10.764467444563975,
      "result_count": 2,
      "scan": [
        0.0,
        0.5,
        1.0,
        1.5,
        2.0,
        2.5,
        3.0,
        3.5,
        4.0,
        4.5,
        5.0,
        5.5,
        6.0,
        6.5,
        7.0,
        7.5,
        8.0,
        8.5,
        9.0,
        9.5,
        10.0,
        10.5,
        11.0,
        11.5,
        12.0,
        12.5,
        13.0,
        13.5,
        14.0,
        14.5,
        15.0,
        15.5,
        16.0,
        16.5,
        17.0,
        17.5,
        18.0,
        18.5,
        19.0,
        19.5,
        20.0,
        20.5,
        21.0,
        21.5,
        22.0,
        22.5,
        23.0,
        23.5,
        24.0,
        24.5,
        25.0,
        25.5,
        26.0,
        26.5,
        27.0,
        27.5,
        28.0,
        28.5,
        29.0,
        29.5,
        30.0,
        30.5,
        31.0,
        31.5,
        32.0,
        32.5,
        33.0,
        33.5,
        34.0,
        34.5,
        35.0,
        35.5,
        36.0,
        36.5,
        37.0,
        37.5,
        38.0,
        38.5,
        39.0,
        39.5,
        40.0,
        40.5,
        41.0,
        41.5,
        42.0,
        42.5,
        43.0,
        43.5,
        44.0,
        44.5,
        45.0,
        45.5,
        46.0,
        46.5,
        47.0,
        47.5,
        48.0,
        48.5,
        49.0,
        49.5,
        50.0
      ],
      "status": "evaluated"
    },
    "parameters": {
      "dy_norm_open_data": 0.6802044032766759,
      "lumi_2012": -0.10671722138292312,
      "mc_stat_boosted[0]": 1.015437162500362,
      "mc_stat_boosted[1]": 0.913010850101152,
      "mc_stat_boosted[2]": 1.0037094976982694,
      "mc_stat_boosted[3]": 1.0469488392151094,
      "mc_stat_boosted[4]": 0.9694964084972721,
      "mc_stat_boosted[5]": 0.9485871637494465,
      "mc_stat_vbf[0]": 0.9539069329401599,
      "mc_stat_vbf[1]": 1.0681493266460709,
      "mc_stat_vbf[2]": 0.843313667800141,
      "mc_stat_vbf[3]": 0.9987676980290391,
      "mc_stat_vbf[4]": 0.9743657219331798,
      "mc_stat_vbf[5]": 0.9801799969810236,
      "mc_stat_zero_jet[0]": 1.0069089143671455,
      "mc_stat_zero_jet[1]": 0.9999012423439931,
      "mc_stat_zero_jet[2]": 1.0515290433054318,
      "mc_stat_zero_jet[3]": 1.0100454925279292,
      "mc_stat_zero_jet[4]": 0.9611196700224309,
      "mc_stat_zero_jet[5]": 1.0961067676921061,
      "mu": 0.43822864200217504,
      "qcd_ss_transfer": 0.49029797459394664,
      "tau_open_data_acceptance": -0.6782079170246411,
      "vbf_background_control": -0.579917513481551,
      "wjets_high_mt_control": 0.19170655322732555
    },
    "profile_mu_interval": {
      "err_minus": 0.43822864200217504,
      "err_plus": 4.944327747891604,
      "lower": 0.0,
      "lower_status": "bounded_at_zero",
      "method": "profile likelihood scan with q(mu)=2DeltaNLL=1; lower side bounded at mu>=0 when needed",
      "mu_hat": 0.43822864200217504,
      "profile_failures": [],
      "upper": 5.38255638989378,
      "upper_status": "profile_q_equals_1"
    },
    "status": "evaluated"
  },
  "primary_model": "visible_mass_qcd_primary",
  "role": "final_result",
  "source": "Current validated visible-mass baseline workspace used as the final result.",
  "systematic_impact_ranking": {
    "baseline_mu_hat": 0.43822864200217504,
    "baseline_observed_limit": 10.764467444563975,
    "method": "Grouped nuisance impact scan. Normal constrained nuisances are fixed at \u00b11 prefit sigma; grouped MC-stat constraints are fixed to nominal one. The remaining parameters are profiled. Per-source CLs rescans are not repeated in Phase 5; the limit-impact column is a profile-limit proxy equal to the stored baseline observed CLs limit plus the refit delta_mu_hat.",
    "model": "visible_mass_qcd_primary",
    "ranking": [
      {
        "fraction_of_summed_abs_delta_mu": 0.3990933976911283,
        "max_abs_delta_mu_hat": 1.561629083490469,
        "max_abs_delta_observed_limit_proxy": 1.5616290834904696,
        "parameters": [
          "tau_open_data_acceptance"
        ],
        "prescription": "fixed at -1 and +1 prefit sigma",
        "rank": 1,
        "source": "Tau/open-data acceptance",
        "variations": [
          {
            "delta_mu_hat": 1.561629083490469,
            "delta_observed_limit_proxy": 1.5616290834904696,
            "fixed_values": {
              "tau_open_data_acceptance": -1.0
            },
            "label": "-1_sigma",
            "mu_hat": 1.999857725492644,
            "observed_limit_proxy": 12.326096528054444
          },
          {
            "delta_mu_hat": -0.43822864200217326,
            "delta_observed_limit_proxy": -0.4382286420021728,
            "fixed_values": {
              "tau_open_data_acceptance": 1.0
            },
            "label": "+1_sigma",
            "mu_hat": 1.748922670341535e-15,
            "observed_limit_proxy": 10.326238802561802
          }
        ]
      },
      {
        "fraction_of_summed_abs_delta_mu": 0.2627293491571735,
        "max_abs_delta_mu_hat": 1.028044550734207,
        "max_abs_delta_observed_limit_proxy": 1.0280445507342062,
        "parameters": [
          "dy_norm_open_data"
        ],
        "prescription": "fixed at -1 and +1 prefit sigma",
        "rank": 2,
        "source": "DY/Z normalization",
        "variations": [
          {
            "delta_mu_hat": -0.4382286420021683,
            "delta_observed_limit_proxy": -0.4382286420021675,
            "fixed_values": {
              "dy_norm_open_data": -1.0
            },
            "label": "-1_sigma",
            "mu_hat": 6.696451664074621e-15,
            "observed_limit_proxy": 10.326238802561807
          },
          {
            "delta_mu_hat": 1.028044550734207,
            "delta_observed_limit_proxy": 1.0280445507342062,
            "fixed_values": {
              "dy_norm_open_data": 1.0
            },
            "label": "+1_sigma",
            "mu_hat": 1.4662731927363821,
            "observed_limit_proxy": 11.792511995298181
          }
        ]
      },
      {
        "fraction_of_summed_abs_delta_mu": 0.12763107741715496,
        "max_abs_delta_mu_hat": 0.4994129284145846,
        "max_abs_delta_observed_limit_proxy": 0.49941292841458385,
        "parameters": [
          "vbf_background_control"
        ],
        "prescription": "fixed at -1 and +1 prefit sigma",
        "rank": 3,
        "source": "VBF background control",
        "variations": [
          {
            "delta_mu_hat": 0.4994129284145846,
            "delta_observed_limit_proxy": 0.49941292841458385,
            "fixed_values": {
              "vbf_background_control": -1.0
            },
            "label": "-1_sigma",
            "mu_hat": 0.9376415704167597,
            "observed_limit_proxy": 11.263880372978559
          },
          {
            "delta_mu_hat": -0.4382286420021748,
            "delta_observed_limit_proxy": -0.4382286420021746,
            "fixed_values": {
              "vbf_background_control": 1.0
            },
            "label": "+1_sigma",
            "mu_hat": 2.2091529249359322e-16,