{
  "baseline_fit_comparison": {
    "median_expected_limit": 3.691886423810166,
    "model": "visible_mass_qcd_primary",
    "mu_hat": 2.4740281448233605,
    "observed_limit": 5.926224595767271,
    "z_value": 1.3259387558692708
  },
  "nn_fit_comparison": {
    "median_expected_limit": 1.8069442829064997,
    "model": "dnn_classifier_score_secondary",
    "mu_hat": 1.6159540738964726,
    "observed_limit": 3.576947614842235,
    "validation_status": "pass",
    "z_value": 2.0838468722638877
  },
  "phase4a_expected": {
    "model_note": "Expected benchmark retained for comparison only."
  },
  "w_scale_comparison": {
    "phase4c_full_scale": 0.9190154734576896,
    "phase4c_full_uncertainty": 0.01393775384099262
  }
}
