{
  "binning": {
    "edges": [
      0.0,
      0.2,
      0.35,
      0.5,
      1.0
    ],
    "observable": "mva_score_hist_gradient_boosting"
  },
  "blinding": {
    "data_scope": "all Run2012B/C TauPlusX rows in phase3 sensitivity_selected_events.npz",
    "phase4b_human_gate": "auto-passed by explicit user instruction on 2026-06-02",
    "post_unblinding_retuning": false,
    "real_data_signal_region_used": true
  },
  "categories": [
    "vbf",
    "boosted",
    "zero_jet"
  ],
  "phase": "4c_observed",
  "samples": {
    "DYJetsToLL": {
      "categories": {
        "boosted": {
          "raw_counts": [
            501,
            184,
            73,
            44
          ],
          "sumw2": [
            871.6930312806413,
            320.1427500112535,
            127.01315625446472,
            76.55587500269105
          ],
          "total_yield": 1057.8821577398583,
          "weighted_yields": [
            660.84658482253,
            242.70613095278546,
            96.29101934539858,
            58.03842261914435
          ]
        },
        "vbf": {
          "raw_counts": [
            6,
            4,
            7,
            17
          ],
          "sumw2": [
            10.439437500366964,
            6.959625000244642,
            12.179343750428124,
            29.578406251039727
          ],
          "total_yield": 44.84787202388428,
          "weighted_yields": [
            7.914330357156048,
            5.276220238104032,
            9.233385416682056,
            22.423936011942136
          ]
        },
        "zero_jet": {
          "raw_counts": [
            4116,
            207,
            89,
            20
          ],
          "sumw2": [
            7161.4541252517365,
            360.1605937626602,
            154.8516562554433,
            34.798125001223205
          ],
          "total_yield": 5846.052023819267,
          "weighted_yields": [
            5429.230625009049,
            273.04439732188365,
            117.3959002978147,
            26.38110119052016
          ]
        }
      },
      "extra_wjets_scale": 1.0,
      "weight_full_lumi": 1.319055059526008
    },
    "GluGluToHToTauTau": {
      "categories": {
        "boosted": {
          "raw_counts": [
            25,
            39,
            44,
            141
          ],
          "sumw2": [
            0.0258691691125498,
            0.04035590381557769,
            0.045529737638087646,
            0.14590211379478085
          ],
          "total_yield": 8.009779907456135,
          "weighted_yields": [
            0.8041947698249131,
            1.2545438409268646,
            1.4153827948918472,
            4.5356585018125095
          ]
        },
        "vbf": {
          "raw_counts": [
            0,
            0,
            0,
            23
          ],
          "sumw2": [
            0.0,
            0.0,
            0.0,
            0.023799635583545815
          ],
          "total_yield": 0.73985918823892,
          "weighted_yields": [
            0.0,
            0.0,
            0.0,
            0.73985918823892
          ]
        },
        "zero_jet": {
          "raw_counts": [
            171,
            114,
            86,
            68
          ],
          "sumw2": [
            0.17694511672984065,
            0.11796341115322707,
            0.0889899417471713,
            0.07036413998613544
          ],
          "total_yield": 14.121660158125474,
          "weighted_yields": [
            5.500692225602406,
            3.6671281504016036,
            2.766430008197701,
            2.1874097739237635
          ]
        }
      },
      "extra_wjets_scale": 1.0,
      "weight_full_lumi": 0.032167790792996524
    },
    "TTbar": {
      "categories": {
        "boosted": {
          "raw_counts": [
            1375,
            72,
            38,
            28
          ],
          "sumw2": [
            280.291419802873,
            14.677077982404986,
            7.746235601824854,
            5.707752548713049
          ],
          "total_yield": 683.11289053925,
          "weighted_yields": [
            620.8064933849761,
            32.507685471795114,
            17.156833999002977,
            12.641877683475876
          ]
        },
        "vbf": {
          "raw_counts": [
            140,
            15,
            7,
            8
          ],
          "sumw2": [
            28.53876274356525,
            3.0577245796677053,
            1.4269381371782623,
            1.630786442489443
          ],
          "total_yield": 76.75425736396068,
          "weighted_yields": [
            63.20938841737939,
            6.772434473290648,
            3.160469420868969,
            3.611965052421679
          ]
        },
        "zero_jet": {
          "raw_counts": [
            67,
            12,
            4,
            5
          ],
          "sumw2": [
            13.657836455849084,
            2.4461796637341644,
            0.8153932212447215,
            1.0192415265559018
          ],
          "total_yield": 39.731615576638475,
          "weighted_yields": [
            30.250207314031563,
            5.417947578632519,
            1.8059825262108395,
            2.2574781577635497
          ]
        }
      },
      "extra_wjets_scale": 1.0,
      "weight_full_lumi": 0.4514956315527099
    },
    "VBF_HToTauTau": {
      "categories": {
        "boosted": {
          "raw_counts": [
            46,
            64,
            95,
            294
          ],
          "sumw2": [
            0.0002507311107569252,
            0.00034884328453137415,
            0.0005178142504762586,
            0.0016024988383160001
          ],
          "total_yield": 1.1649995083931146,
          "weighted_yields": [
            0.1073947442606879,
            0.1494187746235658,
            0.22179349358185546,
            0.6863924959270054
          ]
        },
        "vbf": {
          "raw_counts": [
            1,
            3,
            3,
            357
          ],
          "sumw2": [
            5.450676320802721e-06,
            1.6352028962408164e-05,
            1.6352028962408164e-05,
            0.0019458914465265715
          ],
          "total_yield": 0.8498192806715303,
          "weighted_yields": [
            0.0023346683534932154,
            0.007004005060479646,
            0.007004005060479646,
            0.8334766021970779
          ]
        },
        "zero_jet": {
          "raw_counts": [
            35,
            20,
            16,
            23
          ],
          "sumw2": [
            0.00019077367122809525,
            0.00010901352641605443,
            8.721082113284354e-05,
            0.0001253655553784626
          ],
          "total_yield": 0.21945882522836224,
          "weighted_yields": [
            0.08171339237226254,
            0.04669336706986431,
            0.03735469365589145,
            0.05369737213034395
          ]
        }
      },
      "extra_wjets_scale": 1.0,
      "weight_full_lumi": 0.0023346683534932154
    },
    "W1JetsToLNu": {
      "categories": {
        "boosted": {
          "raw_counts": [
            34,
            1,
            1,
            1
          ],
          "sumw2": [
            149.25632107446884,
            4.389891796307907,
            4.389891796307907,
            4.389891796307907
          ],
          "total_yield": 77.52265390932851,
          "weighted_yields": [
            71.23703332208565,
            2.0952068624142837,
            2.0952068624142837,
            2.0952068624142837
          ]
        },
        "vbf": {
          "raw_counts": [
            4,
            0,
            0,
            0
          ],
          "sumw2": [
            17.55956718523163,
            0.0,
            0.0,
            0.0
          ],
          "total_yield": 8.380827449657135,