{
  "addmet_mass_qcd_crosscheck": {
    "category_assignment": "rederived VBF/boosted/zero-jet rules for control-region rows",
    "limitations": [
      "No anti-isolated tau branch is available in the selected-event artifact.",
      "The transfer factor is measured in the lowest observable bin and propagated globally.",
      "The VBF MC-background control scale is applied before non-QCD subtraction.",
      "QCD shape-statistical uncertainties are recorded for validation but not expanded into per-bin pyhf nuisances in the final workspace."
    ],
    "method": "same-sign low-mT data minus non-QCD MC, transferred to opposite-sign signal candidates",
    "normsys": {
      "hi": 4.872443163860838,
      "lo": 0.001,
      "name": "qcd_ss_transfer"
    },
    "observable": "m_addmet",
    "rows": {
      "boosted": {
        "same_sign_data_counts": [
          73.0,
          103.0,
          139.0,
          107.0,
          140.0,
          79.0,
          37.0
        ],
        "same_sign_nonqcd_mc_yields": [
          37.741896267871745,
          68.00017752188418,
          75.59804741567065,
          70.22778041856158,
          80.52074402390691,
          49.96901443838802,
          21.86951925432799
        ],
        "unscaled_qcd_sumw2": [
          124.41432705216708,
          252.311726828133,
          230.7335290761779,
          204.71510895992594,
          280.0087787213771,
          156.41196579892522,
          77.84707882223387
        ],
        "unscaled_qcd_template": [
          35.258103732128255,
          34.99982247811582,
          63.40195258432935,
          36.77221958143842,
          59.479255976093086,
          29.030985561611978,
          15.13048074567201
        ],
        "unscaled_qcd_total": 274.072820659389
      },
      "vbf": {
        "same_sign_data_counts": [
          1.0,
          2.0,
          12.0,
          4.0,
          4.0,
          1.0,
          5.0
        ],
        "same_sign_nonqcd_mc_yields": [
          0.2239844314598396,
          2.5593328994474844,
          2.5925958814458805,
          1.4576868265834408,
          1.466646928260498,
          2.6542666144791363,
          0.041369829749916764
        ],
        "unscaled_qcd_sumw2": [
          1.0501690255363876,
          0.0,
          13.255701704538904,
          4.464646763484077,
          4.601257364224013,
          0.0,
          5.001711462813537
        ],
        "unscaled_qcd_template": [
          0.7760155685401604,
          0.0,
          9.407404118554119,
          2.5423131734165594,
          2.5333530717395023,
          0.0,
          4.958630170250084
        ],
        "unscaled_qcd_total": 20.217716102500425
      },
      "zero_jet": {
        "same_sign_data_counts": [
          168.0,
          670.0,
          708.0,
          392.0,
          313.0,
          139.0,
          33.0
        ],
        "same_sign_nonqcd_mc_yields": [
          96.5511609761655,
          390.96987387821684,
          332.4395988371775,
          211.55856467127688,
          158.1334060361433,
          83.07533802573863,
          20.76985683007845
        ],
        "unscaled_qcd_sumw2": [
          491.12562245340456,
          2298.539163568521,
          1688.6098249811425,
          1008.1078270312792,
          678.8153259517482,
          355.6857133331282,
          84.1210639132106
        ],
        "unscaled_qcd_template": [
          71.4488390238345,
          279.03012612178316,
          375.5604011628225,
          180.44143532872312,
          154.8665939638567,
          55.92466197426137,
          12.23014316992155
        ],
        "unscaled_qcd_total": 1129.502200745203
      }
    },
    "scaled_qcd_total": 377.86137585296257,
    "transfer_sideband": {
      "absolute_uncertainty": 1.0277104688501524,
      "bin_edges": [
        0.0,
        60.0
      ],
      "bin_index": 0,
      "denominator_same_sign_qcd_template": 107.4829583245029,
      "description": "lowest fitted-observable bin, chosen as the most signal-depleted control bin",
      "numerator_os_data_minus_nonqcd": 28.52497940420278,
      "relative_uncertainty": 3.8724431638608383,
      "scale_factor": 0.265390717271502,
      "status": "measured_from_low_observable_sideband"
    }
  },
  "calibrated_score_qcd_primary": {
    "category_assignment": "rederived VBF/boosted/zero-jet rules for control-region rows",
    "limitations": [
      "No anti-isolated tau branch is available in the selected-event artifact.",
      "The transfer factor is measured in the lowest observable bin and propagated globally.",
      "The VBF MC-background control scale is applied before non-QCD subtraction.",
      "QCD shape-statistical uncertainties are recorded for validation but not expanded into per-bin pyhf nuisances in the final workspace."
    ],
    "method": "same-sign low-mT data minus non-QCD MC, transferred to opposite-sign signal candidates",
    "normsys": {
      "hi": 13.432832162450183,
      "lo": 0.001,
      "name": "qcd_ss_transfer"
    },
    "observable": "mva_score_hist_gradient_boosting",
    "rows": {
      "boosted": {
        "same_sign_data_counts": [
          434.0,
          69.0,
          48.0,
          49.0,
          38.0,
          26.0,
          19.0
        ],
        "same_sign_nonqcd_mc_yields": [
          270.47934258784244,
          42.64188083905084,
          30.328611515932216,
          28.65730370381152,
          15.968911099721119,
          8.345787751697493,
          9.778841112204404
        ],
        "unscaled_qcd_sumw2": [
          904.7293210771384,
          126.35540358099297,
          101.05363807709071,
          81.31356174468965,
          58.39573567032067,
          32.51643808561863,
          29.8679126476919
        ],
        "unscaled_qcd_template": [
          163.52065741215756,
          26.35811916094916,
          17.671388484067784,
          20.34269629618848,
          22.03108890027888,
          17.654212248302507,
          9.221158887795596
        ],
        "unscaled_qcd_total": 276.79932138974
      },
      "vbf": {
        "same_sign_data_counts": [
          7.0,
          2.0,
          2.0,
          4.0,
          3.0,
          4.0,
          7.0
        ],
        "same_sign_nonqcd_mc_yields": [
          5.189430239040593,
          1.3949347905586549,
          0.8452990509749934,
          0.7451311376585518,
          0.40478991106868834,
          1.1383355139755569,
          1.5943941848486243
        ],
        "unscaled_qcd_sumw2": [
          9.499820979102577,
          2.7666219526078644,
          2.2496433826838627,
          4.291185418218352,
          3.085906337449816,
          4.923331006520753,
          7.396659029594627
        ],
        "unscaled_qcd_template": [
          1.8105697609594067,
          0.6050652094413451,
          1.1547009490250066,
          3.254868862341448,
          2.595210088931312,
          2.861664486024443,
          5.405605815151375
        ],
        "unscaled_qcd_total": 17.687685171874335
      },
      "zero_jet": {
        "same_sign_data_counts": [
          1915.0,
          240.0,
          126.0,
          58.0,
          52.0,
          28.0,
          7.0
        ],
        "same_sign_nonqcd_mc_yields": [
          1039.1494001221367,
          108.17866486566153,
          75.39546777718422,
          45.4726811375847,
          17.808620019205833,
          11.065546215231915,
          3.4180904501254474
        ],
        "unscaled_qcd_sumw2": [
          5581.6632405776945,
          538.7602810087385,
          265.8322900205423,
          119.37748107630955,
          74.50327903169844,
          42.41233526307032,
          11.06079382191777
        ],