{
  "cabinetry_version": "0.6.0",
  "method": "Cabinetry-compatible saturated-model goodness-of-fit toy check. The observed fit uses cabinetry.fit.fit(..., goodness_of_fit=True), and each toy is refit with cabinetry.fit.fit using the same pyhf model. Toys are sampled from the full fitted pyhf model with model.make_pdf(bestfit).sample, so both main-channel counts and auxiliary constraint terms fluctuate. The cabinetry saturated-model GoF statistic is compared with the toy-statistic distribution. Cabinetry 0.6.0 exposes saturated GoF but no public toy-runner API, so the toy loop is implemented explicitly with pyhf sampling and cabinetry refits.",
  "model": "visible_mass_qcd_primary",
  "n_degrees_of_freedom": 17,
  "n_fit_failures": 0,
  "n_toys": 100,
  "n_toys_requested": 100,
  "observed_cabinetry_saturated_p_value": 0.10111935428027238,
  "observed_statistic": 24.721491903659427,
  "pass": true,
  "random_seed": 20260612,
  "toy_fit_failures": [],
  "toy_p_value": 0.16831683168316833,
  "toy_statistic_summary": {
    "central_95_interval": [
      8.22076833313374,
      31.65225261165501
    ],
    "mean": 17.74775366894328,
    "median": 16.39621446040986
  },
  "toy_statistics": [
    16.043527233670844,
    20.225793057739963,
    19.26255725080837,
    19.955970294793374,
    13.095420654603444,
    15.59447310676181,
    14.350172395389677,
    17.72537281953747,
    18.747786773433305,
    31.585206806511053,
    14.944434550223235,
    22.355927083477212,
    14.364479819784947,
    22.437262041961105,
    27.53154051799224,
    11.4814387570854,
    22.80186615404726,
    42.438306198812555,
    21.668233985328513,
    17.75201676738662,
    14.299636468794134,
    24.195516747210036,
    9.270013778096924,
    13.046500757664361,
    13.680901461067123,
    29.448837326611837,
    20.317932817037047,
    11.177488970531002,
    12.172738100406335,
    15.987490009879693,
    16.16284396042218,
    22.00831710223447,
    18.986406946277924,
    25.090364289243453,
    35.059923288339775,
    21.828314179672887,
    7.529719253846125,
    11.087571501700552,
    14.845492338057397,
    11.382869718922763,
    13.063295862415686,
    20.124688635453452,
    28.44240997495875,
    31.71291310202335,
    8.204252533833014,
    13.68172694172064,
    10.624681720498842,
    15.675794381147028,
    22.979740666654166,
    15.257063577127,
    9.050603865496527,
    11.944232056720423,
    18.60036116183616,
    11.205319877525966,
    10.463719072529656,
    14.459290580624895,
    18.524093350270192,
    20.78745649015636,
    12.89959854707206,
    20.859256133886163,
    18.522049978357742,
    10.641823756898773,
    12.473942906857488,
    11.799691876299747,
    14.970445069033303,
    10.887844020333503,
    17.036528050749652,
    24.82851021583022,
    19.035359714980046,
    18.84016299551716,
    15.96404040869433,
    8.239022637624018,
    10.491581374984051,
    30.69168000398065,
    29.43619914188946,
    29.277568346391547,
    14.48531429942291,
    16.629584960397537,
    11.060884856436118,
    26.7008688101278,
    18.13294159586944,
    20.608252313765135,
    17.27275758357571,
    17.39206249848958,
    18.41643026493435,
    15.643971997200808,
    8.268723612736679,
    7.358656021175776,
    12.795750385855769,
    27.08327654240118,
    17.693608122885934,
    25.574806447219387,
    29.65936442760227,
    12.674580999966963,
    20.929003319577177,
    10.590829306722952,
    12.763241963047278,
    15.35546170054873,
    14.780632784996428,
    19.266747763635635
  ],
  "within_central_95_interval": true,
  "workspace": "pyhf_workspace_baseline_visible.json"
}
