{
  "best": {
    "background_total": 9338.22528295425,
    "categories": [
      "inclusive_sr"
    ],
    "caveat": "Expected-only MC gain; severe input modelling caveats require Phase 4b validation before unqualified promotion.",
    "family": "expected_only_mva",
    "low_background_bins_lt5": 1,
    "low_background_fraction": 0.16666666666666666,
    "median_limit": 3.977300465753028,
    "median_limit_improvement_factor": 2.859759507926921,
    "name": "mva_hist_gradient_boosting_score_single_category",
    "observable": "mva_score_hist_gradient_boosting",
    "s_over_b": 0.002688474105881831,
    "s_over_sqrt_b": 0.25979933279966116,
    "signal_total": 25.105576868113534,
    "z_improvement_factor": 3.1242294359123015,
    "z_value": 0.5955085932694459
  },
  "best_full_result": {
    "comparison_to_phase4a": {
      "baseline_median_limit": 11.374122822819393,
      "baseline_z": 0.1906097504953417,
      "limit_evaluation": "evaluated",
      "median_limit_improvement_factor": 2.859759507926921,
      "z_improvement_factor": 3.1242294359123015
    },
    "discovery_sensitivity": {
      "p_value": 0.2757517783603449,
      "status": "evaluated",
      "z_value": 0.5955085932694459
    },
    "expected_upper_limit": {
      "expected_band_minus2_minus1_median_plus1_plus2": [
        1.968598873984191,
        2.803636935689023,
        3.977300465753028,
        6.032969001155281,
        9.04523198152609
      ],
      "observed_on_background_asimov": 3.9773003153084376,
      "scan_max": 50.0,
      "scan_min": 0.0,
      "scan_points": 51
    },
    "nuisance_mode": "nominal",
    "pyhf": {
      "nchannels": 1,
      "npars": 10
    },
    "signal_injection": {
      "all_pass": true,
      "rows": [
        {
          "absolute_bias": 1.624563032286359e-20,
          "fitted_mu": 1.624563032286359e-20,
          "injected_mu": 0.0,
          "passes_20_percent_gate": true,
          "relative_bias": 0.0
        },
        {
          "absolute_bias": 0.0,
          "fitted_mu": 1.0,
          "injected_mu": 1.0,
          "passes_20_percent_gate": true,
          "relative_bias": 0.0
        },
        {
          "absolute_bias": -0.0008638250299655148,
          "fitted_mu": 1.9991361749700345,
          "injected_mu": 2.0,
          "passes_20_percent_gate": true,
          "relative_bias": -0.0004319125149827574
        },
        {
          "absolute_bias": 8.84965489333922e-07,
          "fitted_mu": 5.000000884965489,
          "injected_mu": 5.0,
          "passes_20_percent_gate": true,
          "relative_bias": 1.7699309786678442e-07
        }
      ]
    },
    "spec": {
      "bin_edges": [
        0.0,
        0.35,
        0.55,
        0.72,
        0.86,
        0.94,
        1.0
      ],
      "categories": [
        "inclusive_sr"
      ],
      "caveat": "Expected-only MC gain; severe input modelling caveats require Phase 4b validation before unqualified promotion.",
      "description": "hist_gradient_boosting classifier score templates in a single inclusive signal-region channel.",
      "family": "expected_only_mva",
      "name": "mva_hist_gradient_boosting_score_single_category",
      "observable": "mva_score_hist_gradient_boosting"
    },
    "templates": {
      "bin_edges": [
        0.0,
        0.35,
        0.55,
        0.72,
        0.86,
        0.94,
        1.0
      ],
      "categories": [
        "inclusive_sr"
      ],
      "caveat": "Expected-only MC gain; severe input modelling caveats require Phase 4b validation before unqualified promotion.",
      "combined": {
        "background_total": 9338.22528295425,
        "low_background_bins_lt5": 1,
        "low_background_fraction": 0.16666666666666666,
        "populated_bins": 6,
        "s_over_b": 0.002688474105881831,
        "s_over_sqrt_b": 0.25979933279966116,
        "signal_total": 25.105576868113534
      },
      "description": "hist_gradient_boosting classifier score templates in a single inclusive signal-region channel.",
      "family": "expected_only_mva",
      "name": "mva_hist_gradient_boosting_score_single_category",
      "observable": "mva_score_hist_gradient_boosting",
      "samples": {
        "DYJetsToLL": {
          "categories": {
            "inclusive_sr": {
              "raw_counts": [
                5018,
                199,
                37,
                9,
                4,
                1
              ],
              "raw_total": 5268,
              "sumw2": [
                8730.849562806903,
                346.2413437621709,
                64.37653125226294,
                15.659156250550444,
                6.959625000244642,
                1.7399062500611604
              ],
              "total_yield": 6948.78205358301,
              "weighted_yields": [
                6619.018288701508,
                262.4919568456756,
                48.805037202462294,
                11.871495535734072,
                5.276220238104032,
                1.319055059526008
              ]
            }
          },
          "weight": 1.319055059526008
        },
        "GluGluToHToTauTau": {
          "categories": {
            "inclusive_sr": {
              "raw_counts": [
                349,
                177,
                109,
                59,
                13,
                4
              ],
              "raw_total": 711,
              "sumw2": [
                0.3611336008111952,
                0.18315371731685257,
                0.11278957733071712,
                0.06105123910561753,
                0.013451967938525895,
                0.004139067058007968
              ],
              "total_yield": 22.871299253820528,
              "weighted_yields": [
                11.226558986755787,
                5.693698970360384,
                3.506289196436621,
                1.897899656786795,
                0.4181812803089548,
                0.1286711631719861
              ]
            }
          },
          "weight": 0.032167790792996524
        },
        "TTbar": {
          "categories": {
            "inclusive_sr": {
              "raw_counts": [
                1681,
                56,
                20,
                9,
                3,
                2
              ],
              "raw_total": 1771,
              "sumw2": [
                342.6690012280942,
                11.415505097426099,
                4.076966106223607,
                1.8346347478006233,
                0.6115449159335411,
                0.40769661062236073
              ],
              "total_yield": 799.5987634798493,
              "weighted_yields": [
                758.9641566401053,
                25.283755366951752,
                9.029912631054199,
                4.063460683974389,
                1.3544868946581297,
                0.9029912631054198
              ]
            }
          },
          "weight": 0.4514956315527099
        },
        "VBF_HToTauTau": {
          "categories": {
            "inclusive_sr": {
              "raw_counts": [
                169,
                146,
                160,
                201,
                160,
                121
              ],
              "raw_total": 957,
              "sumw2": [
                0.0009211642982156599,
                0.0007957987428371974,
                0.0008721082113284355,
                0.001095585940481347,
                0.0008721082113284355,
                0.0006595318348171293
              ],
              "total_yield": 2.234277614293007,
              "weighted_yields": [
                0.3945589517403534,
                0.34086157961000946,
                0.37354693655891447,
                0.4692683390521363,
                0.37354693655891447,
                0.28249487077267904
              ]
            }
          },
          "weight": 0.0023346683534932154
        },